"1","Tokyo","Japan","37274000","37339804","-0.0018"
"2","Delhi","India","32065760","31181376","0.0284"
"3","Shanghai","China","28516904","27795702","0.0259"
"4","Dhaka","Bangladesh","22478116","21741090","0.0339"
"5","Sao Paulo","Brazil","22429800","22237472","0.0086"
"6","Mexico City","Mexico","22085140","21918936","0.0076"
"7","Cairo","Egypt","21750020","21322750","0.0200"
"8","Beijing","China","21333332","20896820","0.0209"
"9","Mumbai","India","20961472","20667656","0.0142"
"10","Osaka","Japan","19059856","19110616","-0.0027"
"11","Chongqing","China","16874740","16382376","0.0301"
"12","Karachi","Pakistan","16839950","16459472","0.0231"
"13","Istanbul","Turkey","15636243","15415197","0.0143"
"14","Kinshasa","DR Congo","15628085","14970460","0.0439"
"15","Lagos","Nigeria","15387639","14862111","0.0354"
"16","Buenos Aires","Argentina","15369919","15257673","0.0074"
"17","Kolkata","India","15133888","14974073","0.0107"
"18","Manila","Philippines","14406059","14158573","0.0175"
"19","Tianjin","China","14011828","13794450","0.0158"
"20","Guangzhou","China","13964637","13635397","0.0241"
"21","Rio de Janeiro","Brazil","13634274","13544462","0.0066"
"22","Lahore","Pakistan","13541764","13095166","0.0341"
"23","Bangalore","India","13193035","12764935","0.0335"
"24","Shenzhen","China","12831330","12591696","0.0190"
"25","Moscow","Russia","12640818","12593252","0.0038"
"26","Chennai","India","11503293","11235018","0.0239"
"27","Bogota","Colombia","11344312","11167392","0.0158"
"28","Paris","France","11142303","11078546","0.0058"
"29","Jakarta","Indonesia","11074811","10915364","0.0146"
"30","Lima","Peru","11044607","10882757","0.0149"
"31","Bangkok","Thailand","10899698","10722815","0.0165"
"32","Hyderabad","India","10534418","10268653","0.0259"
"33","Seoul","South Korea","9975709","9967677","0.0008"
"34","Nagoya","Japan","9571596","9565642","0.0006"
"35","London","United Kingdom","9540576","9425622","0.0122"
"36","Chengdu","China","9478521","9305116","0.0186"
"37","Nanjing","China","9429381","9143980","0.0312"
"38","Tehran","Iran","9381546","9259009","0.0132"
"39","Ho Chi Minh City","Vietnam","9077158","8837544","0.0271"
"40","Luanda","Angola","8952496","8631876","0.0371"
"41","New York City","United States","8930002","8867096","0.00709"
"42","Wuhan","China","8591611","8473405","0.0140"
"43","Ganhe","China","8537646","8274651","0.0318"
"44","Ahmedabad","India","8450228","8253226","0.0239"
"45","Kuala Lumpur","Malaysia","8419566","8210745","0.0254"
"46","Hangzhou","China","8044878","7845501","0.0254"
"47","Surat","India","7784276","7489742","0.0393"
"48","Suzhou","China","7764499","7427096","0.0454"
"49","Hong Kong","Hong Kong","7643256","7598189","0.0059"
"50","Riyadh","Saudi Arabia","7538200","7387817","0.0204"
"51","Shenyang","China","7527975","7373655","0.0209"
"52","Baghdad","Iraq","7511920","7323079","0.0258"
"53","Dongguan","China","7511851","7451889","0.0080"
"54","Foshan","China","7497263","7406751","0.0122"
"55","Dar es Salaam","Tanzania","7404689","7046892","0.0508"
"56","Pune","India","6987077","6807984","0.0263"
"57","Santiago","Chile","6856939","6811595","0.0067"
"58","Madrid","Spain","6713557","6668865","0.0067"
"59","Haerbin","China","6665951","6526439","0.0214"
"60","Toronto","Canada","6312974","6254571","0.0093"
"61","Belo Horizonte","Brazil","6194292","6139774","0.0089"
"62","Khartoum","Sudan","6160327","5989024","0.0286"
"63","Johannesburg","South Africa","6065354","5926668","0.0234"
"64","Singapore","Singapore","6039577","5991801","0.0080"
"65","Dalian","China","5930140","5775938","0.0267"
"66","Qingdao","China","5865232","5742486","0.0214"
"67","Zhengzhou","China","5690312","5510341","0.0327"
"68","Ji-nan Shandong","China","5663015","5513597","0.0271"
"69","Barcelona","Spain","5658472","5624498","0.0060"
"70","Saint Petersburg","Russia","5535556","5504305","0.0057"
"71","Abidjan","Ivory Coast","5515790","5354826","0.0301"
"72","Yangon","Myanmar","5514454","5421806","0.0171"
"73","Fukuoka","Japan","5502591","5516158","-0.0025"
"74","Alexandria","Egypt","5483605","5381101","0.0190"
"75","Guadalajara","Mexico","5339583","5259296","0.0153"
"76","Ankara","Turkey","5309690","5215747","0.0180"
"77","Chittagong","Bangladesh","5252842","5132751","0.0234"
"78","Addis Ababa","Ethiopia","5227794","5005524","0.0444"
"79","Melbourne","Australia","5150766","5061439","0.0176"
"80","Nairobi","Kenya","5118844","4922192","0.0400"
"81","Hanoi","Vietnam","5067352","4874982","0.0395"
"82","Sydney","Australia","5056571","4991654","0.0130"
"83","Monterrey","Mexico","5036535","4955506","0.0164"
"84","Changsha","China","4809887","4694722","0.0245"
"85","Brasilia","Brazil","4803877","4727902","0.0161"
"86","Cape Town","South Africa","4800954","4709990","0.0193"
"87","Jiddah","Saudi Arabia","4780740","4696535","0.0179"
"88","Urumqi","China","4710203","4543684","0.0366"
"89","Kunming","China","4657381","4550831","0.0234"
"90","Changchun","China","4616002","4520695","0.0211"
"91","Hefei","China","4496456","4371005","0.0287"
"92","Shantou","China","4490411","4407928","0.0187"
"93","Xinbei","Taiwan","4470672","4434905","0.0081"
"94","Kabul","Afghanistan","4457882","4335770","0.0282"
"95","Ningbo","China","4405292","4263843","0.0332"
"96","Tel Aviv","Israel","4343584","4263745","0.0187"
"97","Yaounde","Cameroon","4336670","4164167","0.0414"
"98","Rome","Italy","4297877","4278350","0.0046"
"99","Shijiazhuang","China","4285135","4199392","0.0204"
"100","Montreal","Canada","4276526","4247446","0.0068"
"101","Recife","Brazil","4220458","4174774","0.0109"
"102","Kano","Nigeria","4219209","4103015","0.0283"
"103","Porto Alegre","Brazil","4185488","4160682","0.0060"
"104","Fortaleza","Brazil","4163953","4119633","0.0108"
"105","Jaipur","India","4106756","4007505","0.0248"
"106","Nanning","China","4085697","3974322","0.0280"
"107","Medellin","Colombia","4067758","4033783","0.0084"
"108","Taiyuan Shanxi","China","4061003","3975985","0.0214"
"109","Ekurhuleni","South Africa","4044660","3969937","0.0188"
"110","Douala","Cameroon","3926645","3793363","0.0351"
"111","Kozhikode","India","3920873","3742198","0.0477"
"112","Salvador","Brazil","3920132","3880314","0.0103"
"113","Los Angeles","United States","3919973","3909360","0.00271"
"114","Changzhou","China","3869213","3749712","0.0319"
"115","Xiamen","China","3862882","3790792","0.0190"
"116","Lucknow","India","3854224","3764619","0.0238"
"117","Fuzhou Fujian","China","3843753","3764559","0.0210"
"118","Casablanca","Morocco","3840396","3793585","0.0123"
"119","Wenzhou","China","3824561","3725342","0.0266"
"120","Nanchang","China","3817888","3709958","0.0291"
"121","Malappuram","India","3816345","3608928","0.0575"
"122","Curitiba","Brazil","3770919","3726050","0.0120"
"123","Ibadan","Nigeria","3756445","3649023","0.0294"
"124","Antananarivo","Madagascar","3699900","3531887","0.0476"
"125","Tangshan Hebei","China","3693292","3562719","0.0366"
"126","Abuja","Nigeria","3652029","3464123","0.0542"
"127","Kampala","Uganda","3651919","3469510","0.0526"
"128","Kumasi","Ghana","3630326","3490030","0.0402"
"129","Faisalabad","Pakistan","3624804","3542020","0.0234"
"130","Bekasi","Indonesia","3622203","3510050","0.0320"
"131","Berlin","Germany","3570750","3566791","0.0011"
"132","Guiyang","China","3495855","3407463","0.0259"
"133","Busan","South Korea","3468139","3465946","0.0006"
"134","Santo Domingo","Dominican Republic","3457626","3388809","0.0203"
"135","Asuncion","Paraguay","3452315","3394309","0.0171"
"136","Campinas","Brazil","3384564","3343816","0.0122"
"137","Wuxi","China","3375810","3315113","0.0183"
"138","Thrissur","India","3351322","3212604","0.0432"
"139","Dakar","Senegal","3326001","3229800","0.0298"
"140","Port Harcourt","Nigeria","3324694","3171076","0.0484"
"141","Mashhad","Iran","3317640","3264101","0.0164"
"142","Kochi","India","3301294","3193029","0.0339"
"143","Puebla","Mexico","3294779","3244710","0.0154"
"144","Kuwait City","Kuwait","3238523","3177315","0.0193"
"145","Lanzhou","China","3226493","3153808","0.0230"
"146","Indore","India","3208722","3113445","0.0306"
"147","Durban","South Africa","3199329","3176254","0.0073"
"148","Kanpur","India","3189926","3153425","0.0116"
"149","Sanaa","Yemen","3181655","3075257","0.0346"
"150","Athens","Greece","3153781","3153255","0.0002"
"151","Milan","Italy","3149223","3144473","0.0015"
"152","Pyongyang","North Korea","3132527","3108108","0.0079"
"153","Guayaquil","Ecuador","3092355","3042941","0.0162"
"154","Izmir","Turkey","3056149","3024020","0.0106"
"155","Ouagadougou","Burkina Faso","3055788","2914619","0.0484"
"156","Lusaka","Zambia","3041789","2905993","0.0467"
"157","Guatemala City","Guatemala","3036405","2983174","0.0178"
"158","Kiev","Ukraine","3010209","3000604","0.0032"
"159","Surabaya","Indonesia","3005385","2972091","0.0112"
"160","Nagpur","India","2991427","2940487","0.0173"
"161","Lisbon","Portugal","2986162","2971587","0.0049"
"162","Zhongshan","China","2973878","2941522","0.0110"
"163","Dubai","United Arab Emirates","2964382","2921376","0.0147"
"164","Caracas","Venezuela","2956813","2945858","0.0037"
"165","Depok","Indonesia","2942149","2836941","0.0371"
"166","Shizuoka","Japan","2935436","2930341","0.0017"
"167","Coimbatore","India","2934621","2860445","0.0259"
"168","Handan","China","2917786","2824345","0.0331"
"169","Port-au-Prince","Haiti","2915276","2843925","0.0251"
"170","Huaian","China","2879079","2770106","0.0393"
"171","Algiers","Algeria","2853959","2809158","0.0159"
"172","Cali","Colombia","2836747","2809508","0.0097"
"173","Weifang","China","2834645","2746160","0.0322"
"174","Incheon","South Korea","2834132","2818288","0.0056"
"175","Bamako","Mali","2816943","2713230","0.0382"
"176","Goiania","Brazil","2800919","2747887","0.0193"
"177","Thiruvananthapuram","India","2793173","2690703","0.0381"
"178","Manchester","United Kingdom","2770434","2750120","0.0074"
"179","Mbuji-Mayi","DR Congo","2765002","2642794","0.0462"
"180","Chicago","United States","2756546","2751467","0.00185"
"181","Taipei","Taiwan","2742379","2731208","0.0041"
"182","Pretoria","South Africa","2739768","2655282","0.0318"
"183","Zibo","China","2732104","2685108","0.0175"
"184","Shaoxing","China","2722257","2633145","0.0338"
"185","Lubumbashi","DR Congo","2695331","2584133","0.0430"
"186","Yantai","China","2689227","2609465","0.0306"
"187","Huizhou","China","2684343","2605871","0.0301"
"188","Sapporo","Japan","2668982","2670121","-0.0004"
"189","Birmingham","United Kingdom","2645598","2626374","0.0073"
"190","Bandung","Indonesia","2638090","2606850","0.0120"
"191","Vancouver","Canada","2631690","2606351","0.0097"
"192","Accra","Ghana","2605402","2556972","0.0189"
"193","Toluca de Lerdo","Mexico","2575626","2522407","0.0211"
"194","Tashkent","Uzbekistan","2573758","2545159","0.0112"
"195","Brazzaville","Republic of the Congo","2552813","2469630","0.0337"
"196","Luoyang","China","2534195","2461883","0.0294"
"197","Patna","India","2529210","2481530","0.0192"
"198","Bhopal","India","2505183","2446882","0.0238"
"199","Damascus","Syria","2502761","2439814","0.0258"
"200","Mogadishu","Somalia","2497463","2387920","0.0459"
"201","Brisbane","Australia","2472222","2439467","0.0134"
"202","Tangerang","Indonesia","2456106","2397447","0.0245"
"203","San Juan","Puerto Rico","2442512","2445462","-0.0012"
"204","Tunis","Tunisia","2439404","2402680","0.0153"
"205","Beirut","Lebanon","2433155","2434609","-0.0006"
"206","Nantong","China","2423725","2351145","0.0309"
"207","Medan","Indonesia","2402041","2368348","0.0142"
"208","Baku","Azerbaijan","2401108","2370776","0.0128"
"209","Belem","Brazil","2385490","2360474","0.0106"
"210","Gujranwala","Pakistan","2352547","2290461","0.0271"
"211","Houston","United States","2345606","2325093","0.00882"
"212","Peshawar","Pakistan","2342514","2272812","0.0307"
"213","Manaus","Brazil","2340784","2302374","0.0167"
"214","Sendai","Japan","2339991","2334959","0.0022"
"215","Maracaibo","Venezuela","2332718","2296118","0.0159"
"216","Rawalpindi","Pakistan","2327455","2280733","0.0205"
"217","Barranquilla","Colombia","2324690","2299186","0.0111"
"218","Agra","India","2313971","2261561","0.0232"
"219","Hohhot","China","2312208","2239344","0.0325"
"220","Taoyuan","Taiwan","2296368","2271507","0.0109"
"221","Baotou","China","2287174","2238823","0.0216"
"222","Kannur","India","2286474","2226693","0.0268"
"223","Liuzhou","China","2286224","2226508","0.0268"
"224","Visakhapatnam","India","2277870","2225906","0.0233"
"225","Vadodara","India","2277153","2232521","0.0200"
"226","Xuzhou","China","2240503","2193219","0.0216"
"227","Tijuana","Mexico","2221008","2181104","0.0183"
"228","Esfahan","Iran","2219343","2176927","0.0195"
"229","Phnom Penh","Cambodia","2211444","2143591","0.0317"
"230","Amman","Jordan","2209584","2182151","0.0126"
"231","Daegu","South Korea","2184528","2190571","-0.0028"
"232","Naples","Italy","2180348","2182885","-0.0012"
"233","Nashik","India","2180269","2123018","0.0270"
"234","Vijayawada","India","2167516","2104113","0.0301"
"235","Havana","Cuba","2145691","2142866","0.0013"
"236","Grande Vitoria","Brazil","2141511","2109869","0.0150"
"237","Mecca","Saudi Arabia","2114675","2078766","0.0173"
"238","Brussels","Belgium","2109631","2095688","0.0067"
"239","Multan","Pakistan","2105987","2059534","0.0226"
"240","Aleppo","Syria","2098210","2003671","0.0472"
"241","Putian","China","2093166","2002884","0.0451"
"242","Perth","Australia","2092649","2067333","0.0122"
"243","Yangzhou","China","2085864","2039472","0.0227"
"244","Hiroshima","Japan","2072344","2077569","-0.0025"
"245","Baoding","China","2064081","2019960","0.0218"
"246","Bursa","Turkey","2054748","2021116","0.0166"
"247","Taizhou Zhejiang","China","2048701","1992626","0.0281"
"248","Minsk","Belarus","2048574","2038822","0.0048"
"249","Conakry","Guinea","2048525","1991134","0.0288"
"250","Wuhu Anhui","China","2046187","1960681","0.0436"
"251","Linyi Shandong","China","2030847","1984133","0.0235"
"252","Kollam","India","2025984","1940571","0.0440"
"253","Rajkot","India","1988607","1933522","0.0285"
"254","Haikou","China","1974244","1931705","0.0220"
"255","Vienna","Austria","1960023","1944910","0.0078"
"256","Valencia","Venezuela","1959318","1934891","0.0126"
"257","Almaty","Kazakhstan","1958135","1927623","0.0158"
"258","Daqing","China","1954752","1907293","0.0249"
"259","Yancheng Jiangsu","China","1951122","1907903","0.0227"
"260","Panama City","Panama","1937963","1899081","0.0205"
"261","Semarang","Indonesia","1937887","1901570","0.0191"
"262","Lianyungang","China","1933605","1877847","0.0297"
"263","Rabat","Morocco","1931930","1907071","0.0130"
"264","Baixada Santista","Brazil","1929846","1911338","0.0097"
"265","Quito","Ecuador","1928296","1900571","0.0146"
"266","Hyderabad","Pakistan","1925953","1886734","0.0208"
"267","Lome","Togo","1925517","1874394","0.0273"
"268","Ludhiana","India","1916772","1885456","0.0166"
"269","West Yorkshire","United Kingdom","1915134","1901947","0.0069"
"270","Davao City","Philippines","1907721","1866401","0.0221"
"271","La Paz","Bolivia","1907686","1881796","0.0138"
"272","Leon de los Aldamas","Mexico","1873522","1848932","0.0133"
"273","Zhuhai","China","1847411","1803711","0.0242"
"274","Benin City","Nigeria","1841084","1781999","0.0332"
"275","Datong","China","1831912","1788913","0.0240"
"276","Quanzhou","China","1814734","1755721","0.0336"
"277","Adana","Turkey","1814445","1792565","0.0122"
"278","Madurai","India","1798834","1765534","0.0189"
"279","Turin","Italy","1798471","1795235","0.0018"
"280","Matola","Mozambique","1796872","1748247","0.0278"
"281","Warsaw","Poland","1794532","1789620","0.0027"
"282","Hamburg","Germany","1788170","1788995","-0.0005"
"283","Can Tho","Vietnam","1786437","1703487","0.0487"
"284","Sharjah","United Arab Emirates","1785684","1736799","0.0281"
"285","Bucharest","Romania","1785294","1794248","-0.0050"
"286","Palembang","Indonesia","1785209","1753269","0.0182"
"287","Santa Cruz","Bolivia","1784372","1748540","0.0205"
"288","Budapest","Hungary","1775207","1771865","0.0019"
"289","Gaziantep","Turkey","1773495","1739687","0.0194"
"290","Montevideo","Uruguay","1767243","1759906","0.0042"
"291","Meerut","India","1762162","1728435","0.0195"
"292","Raipur","India","1760411","1702048","0.0343"
"293","Lyon","France","1747575","1733581","0.0081"
"294","Jiangmen","China","1740196","1713021","0.0159"
"295","Mosul","Iraq","1737101","1683029","0.0321"
"296","Cixi","China","1732743","1672457","0.0360"
"297","La Laguna","Mexico","1729825","1674258","0.0332"
"298","Varanasi","India","1722259","1692509","0.0176"
"299","Xiangyang","China","1713433","1684991","0.0169"
"300","Shiraz","Iran","1698584","1675226","0.0139"
"301","Glasgow","United Kingdom","1688907","1680669","0.0049"
"302","Novosibirsk","Russia","1686236","1675866","0.0062"
"303","Batam","Indonesia","1684932","1617168","0.0419"
"304","Stockholm","Sweden","1679050","1656571","0.0136"
"305","Yinchuan","China","1672688","1626584","0.0283"
"306","Anshan","China","1667187","1647001","0.0123"
"307","Jamshedpur","India","1661439","1629621","0.0195"
"308","Yichang","China","1660148","1605526","0.0340"
"309","Srinagar","India","1659935","1622454","0.0231"
"310","Auckland","New Zealand","1652341","1630092","0.0136"
"311","Jilin","China","1645140","1623240","0.0135"
"312","Ulaanbaatar","Mongolia","1644544","1615094","0.0182"
"313","Tabriz","Iran","1643960","1627304","0.0102"
"314","Makassar","Indonesia","1642129","1612249","0.0185"
"315","Aurangabad","India","1641602","1599927","0.0260"
"316","Phoenix","United States","1640641","1624390","0.01000"
"317","Qinhuangdao","China","1634829","1585961","0.0308"
"318","Xining","China","1625782","1583164","0.0269"
"319","Muscat","Oman","1622620","1589865","0.0206"
"320","Monrovia","Liberia","1622582","1569013","0.0341"
"321","Marseille","France","1620227","1613797","0.0040"
"322","Tiruppur","India","1619469","1558993","0.0388"
"323","Philadelphia","United States","1619355","1611576","0.00483"
"324","Hengyang","China","1618900","1573731","0.0287"
"325","Calgary","Canada","1611475","1580659","0.0195"
"326","Qiqihaer","China","1609057","1583663","0.0160"
"327","Cordoba","Argentina","1597844","1584599","0.0084"
"328","Suqian","China","1595867","1520240","0.0497"
"329","Kananga","DR Congo","1592924","1524234","0.0451"
"330","Karaj","Iran","1586825","1582351","0.0028"
"331","Anyang","China","1585812","1524622","0.0401"
"332","Rosario","Argentina","1574235","1553530","0.0133"
"333","Daejon","South Korea","1573369","1569459","0.0025"
"334","Munich","Germany","1566128","1553373","0.0082"
"335","Ciudad Juarez","Mexico","1560821","1539758","0.0137"
"336","Harare","Zimbabwe","1557740","1541824","0.0103"
"337","Onitsha","Nigeria","1552630","1482971","0.0470"
"338","Jodhpur","India","1548048","1509826","0.0253"
"339","Gaoxiong","Taiwan","1547094","1541861","0.0034"
"340","Medina","Saudi Arabia","1545420","1517501","0.0184"
"341","Jining Shandong","China","1543534","1518329","0.0166"
"342","Abu Dhabi","United Arab Emirates","1539830","1511768","0.0186"
"343","N-Djamena","Chad","1532588","1476115","0.0383"
"344","Tegucigalpa","Honduras","1526660","1485300","0.0278"
"345","Gwangju","South Korea","1526457","1523822","0.0017"
"346","Yekaterinburg","Russia","1521136","1513142","0.0053"
"347","Kathmandu","Nepal","1521057","1471867","0.0334"
"348","Edmonton","Canada","1518921","1491076","0.0187"
"349","Natal","Brazil","1511614","1485363","0.0177"
"350","Grande Sao Luis","Brazil","1511102","1498475","0.0084"
"351","Ranchi","India","1510765","1474748","0.0244"
"352","Zhangjiakou","China","1502958","1468954","0.0231"
"353","Mandalay","Myanmar","1500625","1469193","0.0214"
"354","Jabalpur","India","1495679","1471644","0.0163"
"355","Huainan","China","1486964","1461918","0.0171"
"356","Asansol","India","1478266","1453747","0.0169"
"357","Kota","India","1474243","1430870","0.0303"
"358","Chaozhou","China","1472558","1449830","0.0157"
"359","San Antonio","United States","1456069","1445347","0.00742"
"360","Gwalior","India","1442015","1409820","0.0228"
"361","San Jose","Costa Rica","1441324","1420533","0.0146"
"362","Allahabad","India","1439202","1415463","0.0168"
"363","Yiwu","China","1436780","1386791","0.0360"
"364","Chon Buri","Thailand","1435745","1417247","0.0131"
"365","Nouakchott","Mauritania","1431539","1372244","0.0432"
"366","Amritsar","India","1425040","1400311","0.0177"
"367","Kharkiv","Ukraine","1423343","1425987","-0.0019"
"368","Ottawa","Canada","1422635","1407928","0.0104"
"369","Zurich","Switzerland","1419621","1407572","0.0086"
"370","Taizhou Jiangsu","China","1414649","1381569","0.0239"
"371","Basra","Iraq","1413646","1381731","0.0231"
"372","Joao Pessoa","Brazil","1407889","1393345","0.0104"
"373","Ganzhou","China","1405736","1347065","0.0436"
"374","Belgrade","Serbia","1405192","1401786","0.0024"
"375","San Diego","United States","1402838","1394885","0.00570"
"376","Homs","Syria","1397632","1362480","0.0258"
"377","Taian Shandong","China","1390010","1364154","0.0190"
"378","Weihai","China","1389782","1347865","0.0311"
"379","Queretaro","Mexico","1389302","1364446","0.0182"
"380","Mombasa","Kenya","1388979","1340913","0.0358"
"381","Niamey","Niger","1383909","1335700","0.0361"
"382","Konya","Turkey","1383000","1356280","0.0197"
"383","Hai Phong","Vietnam","1382031","1341015","0.0306"
"384","Jiaxing","China","1373885","1318418","0.0421"
"385","Copenhagen","Denmark","1370131","1358608","0.0085"
"386","Cochabamba","Bolivia","1368920","1336752","0.0241"
"387","Dhanbad","India","1367686","1348238","0.0144"
"388","Kisangani","DR Congo","1366342","1312353","0.0411"
"389","Bucaramanga","Colombia","1365580","1348882","0.0124"
"390","Kaifeng","China","1359105","1317530","0.0316"
"391","Adelaide","Australia","1355522","1345445","0.0075"
"392","Taizhong","Taiwan","1354431","1338086","0.0122"
"393","Rizhao","China","1353165","1312824","0.0307"
"394","Maceio","Brazil","1350505","1336999","0.0101"
"395","Suweon","South Korea","1349905","1331826","0.0136"
"396","Dongying","China","1346126","1311494","0.0264"
"397","Zunyi","China","1345424","1313433","0.0244"
"398","Zhanjiang","China","1343882","1315369","0.0217"
"399","Samut Prakan","Thailand","1341605","1324319","0.0131"
"400","Nanchong","China","1339649","1299462","0.0309"
"401","Joinville","Brazil","1334194","1319042","0.0115"
"402","Qom","Iran","1333404","1311172","0.0170"
"403","Helsinki","Finland","1327762","1316757","0.0084"
"404","Mianyang Sichuan","China","1326012","1300725","0.0194"
"405","Dallas","United States","1325691","1315035","0.00810"
"406","Liuan","China","1322063","1260817","0.0486"
"407","Porto","Portugal","1320347","1316445","0.0030"
"408","Antalya","Turkey","1318826","1287439","0.0244"
"409","Shiyan","China","1318236","1280495","0.0295"
"410","Prague","Czech Republic","1318085","1312199","0.0045"
"411","Bareilly","India","1317085","1285964","0.0242"
"412","Liuyang","China","1310870","1242055","0.0554"
"413","Ad-Dammam","Saudi Arabia","1304688","1279092","0.0200"
"414","Fushun Liaoning","China","1294781","1288357","0.0050"
"415","Pointe-Noire","Republic of the Congo","1294612","1253939","0.0324"
"416","Yingkou","China","1288451","1251867","0.0292"
"417","Sofia","Bulgaria","1286789","1284311","0.0019"
"418","Kazan","Russia","1286418","1279794","0.0052"
"419","Tengzhou","China","1281380","1236764","0.0361"
"420","Port Elizabeth","South Africa","1280550","1266533","0.0111"
"421","Aligarh","India","1278555","1244591","0.0273"
"422","Ahvaz","Iran","1277613","1261042","0.0131"
"423","Florianopolis","Brazil","1277547","1259112","0.0146"
"424","Tanger","Morocco","1277242","1238322","0.0314"
"425","Freetown","Sierra Leone","1272145","1236425","0.0289"
"426","Maoming","China","1272048","1238809","0.0268"
"427","Pekan Baru","Indonesia","1271197","1238274","0.0266"
"428","Fes","Morocco","1267317","1245303","0.0177"
"429","Moradabad","India","1267139","1232190","0.0284"
"430","Suzhou","China","1266746","1219579","0.0387"
"431","Uyo","Nigeria","1264636","1199929","0.0539"
"432","Mysore","India","1261097","1234992","0.0211"
"433","Dublin","Ireland","1255963","1241953","0.0113"
"434","San Luis Potosi","Mexico","1254382","1235426","0.0153"
"435","Astana","Kazakhstan","1253779","1211789","0.0347"
"436","Nizhniy Novgorod","Russia","1252917","1255073","-0.0017"
"437","Ruian","China","1246135","1208306","0.0313"
"438","Mwanza","Tanzania","1245444","1182011","0.0537"
"439","Durg-Bhilainagar","India","1244528","1225129","0.0158"
"440","Barquisimeto","Venezuela","1240714","1227444","0.0108"
"441","Jieyang","China","1240240","1194681","0.0381"
"442","Chelyabinsk","Russia","1237272","1232887","0.0036"
"443","Zhuzhou","China","1231664","1209032","0.0187"
"444","Baoji","China","1230134","1197824","0.0270"
"445","Maracay","Venezuela","1229520","1216288","0.0109"
"446","Bhubaneswar","India","1226033","1194431","0.0265"
"447","Pingdingshan Henan","China","1225598","1193224","0.0271"
"448","Zhenjiang Jiangsu","China","1225251","1199515","0.0215"
"449","Chifeng","China","1223975","1194621","0.0246"
"450","Puning","China","1223886","1192348","0.0265"
"451","Lilongwe","Malawi","1222325","1170870","0.0439"
"452","Jinhua","China","1215822","1170332","0.0389"
"453","Mendoza","Argentina","1209458","1191470","0.0151"
"454","Kigali","Rwanda","1208296","1169889","0.0328"
"455","Bogor","Indonesia","1207036","1183090","0.0202"
"456","Huaibei","China","1205931","1174248","0.0270"
"457","Merida","Mexico","1201142","1181387","0.0167"
"458","Tiruchirappalli","India","1200947","1181912","0.0161"
"459","Islamabad","Pakistan","1198035","1163584","0.0296"
"460","Chiang Mai","Thailand","1197931","1182498","0.0131"
"461","Nanyang Henan","China","1197901","1170491","0.0234"
"462","Xiangtan Hunan","China","1197437","1170327","0.0232"
"463","Benxi","China","1196384","1176490","0.0169"
"464","Jinzhou","China","1191977","1168535","0.0201"
"465","Chandigarh","India","1191299","1169244","0.0189"
"466","Bukavu","DR Congo","1190367","1133371","0.0503"
"467","Abomey-Calavi","Benin","1188736","1122713","0.0588"
"468","Da Nang","Vietnam","1188374","1156585","0.0275"
"469","Liupanshui","China","1183380","1131854","0.0455"
"470","Omsk","Russia","1181049","1181590","-0.0005"
"471","Nnewi","Nigeria","1176550","1113546","0.0566"
"472","Tripoli","Libya","1175830","1169790","0.0052"
"473","Guilin","China","1175605","1154702","0.0181"
"474","Amsterdam","Netherlands","1165898","1157519","0.0072"
"475","Tasikmalaya","Indonesia","1164908","1112112","0.0475"
"476","Haifa","Israel","1163950","1155006","0.0077"
"477","Binzhou","China","1163766","1124728","0.0347"
"478","Pizhou","China","1162776","1114385","0.0434"
"479","Quetta","Pakistan","1159635","1129361","0.0268"
"480","Mexicali","Mexico","1159544","1140298","0.0169"
"481","Krasnoyarsk","Russia","1158761","1148957","0.0085"
"482","Hubli-Dharwad","India","1158368","1136923","0.0189"
"483","Kaduna","Nigeria","1158048","1133430","0.0217"
"484","Samara","Russia","1157631","1160167","-0.0022"
"485","Guwahati","India","1154876","1135065","0.0175"
"486","Aba","Nigeria","1150116","1114388","0.0321"
"487","Luohe","China","1149350","1096233","0.0485"
"488","Salem","India","1146334","1123873","0.0200"
"489","Aguascalientes","Mexico","1143281","1124909","0.0163"
"490","Ufa","Russia","1142399","1139561","0.0025"
"491","Bujumbura","Burundi","1139265","1074642","0.0601"
"492","Maputo","Mozambique","1138960","1121697","0.0154"
"493","Bandar Lampung","Indonesia","1138359","1114740","0.0212"
"494","Rostov-on-Don","Russia","1138025","1137147","0.0008"
"495","Cologne","Germany","1136992","1128652","0.0074"
"496","Yueqing","China","1135548","1098931","0.0333"
"497","Saharanpur","India","1133891","1094581","0.0359"
"498","Shimkent","Kazakhstan","1125804","1093289","0.0297"
"499","Yongin","South Korea","1120784","1103265","0.0159"
"500","Xinxiang","China","1120346","1100407","0.0181"
"501","Bazhong","China","1119608","1057600","0.0586"
"502","Xiongan","China","1117707","1045719","0.0688"
"503","Zaozhuang","China","1117176","1101823","0.0139"
"504","San Salvador","El Salvador","1110681","1107305","0.0030"
"505","Cuernavaca","Mexico","1107476","1091173","0.0149"
"506","Wenling","China","1101419","1069840","0.0295"
"507","Panjin","China","1098267","1075647","0.0210"
"508","Chihuahua","Mexico","1096429","1075861","0.0191"
"509","Jalandhar","India","1096068","1074383","0.0202"
"510","Goyang","South Korea","1094880","1082815","0.0111"
"511","Fuyang","China","1093520","1065192","0.0266"
"512","Yerevan","Armenia","1092028","1089181","0.0026"
"513","Siliguri","India","1091949","1056551","0.0335"
"514","Managua","Nicaragua","1083094","1072852","0.0095"
"515","Ma'anshan","China","1083048","1051771","0.0297"
"516","Bishkek","Kyrgyzstan","1082214","1060113","0.0208"
"517","Shangrao","China","1081383","1055178","0.0248"
"518","Tbilisi","Georgia","1080349","1078846","0.0014"
"519","Hargeysa","Somalia","1079377","1033205","0.0447"
"520","Cartagena","Colombia","1079004","1070692","0.0078"
"521","Diyarbakir","Turkey","1078994","1059686","0.0182"
"522","Perm","Russia","1078878","1075424","0.0032"
"523","Bien Hoa","Vietnam","1078342","1045708","0.0312"
"524","Zhaoqing","China","1077519","1050908","0.0253"
"525","Voronezh","Russia","1077179","1072807","0.0041"
"526","Bobo-Dioulasso","Burkina Faso","1074309","1022118","0.0511"
"527","Lille","France","1073395","1068051","0.0050"
"528","Jingzhou Hubei","China","1072008","1054743","0.0164"
"529","Samarinda","Indonesia","1071258","1041183","0.0289"
"530","Oslo","Norway","1071062","1056180","0.0141"
"531","Kermanshah","Iran","1066369","1046604","0.0189"
"532","Fuzhou Jiangxi","China","1065779","1028734","0.0360"
"533","Johor Bahru","Malaysia","1065341","1044548","0.0199"
"534","Leshan","China","1055794","1022088","0.0330"
"535","Solapur","India","1054911","1041886","0.0125"
"536","Changwon","South Korea","1054243","1054775","-0.0005"
"537","Mersin","Turkey","1052637","1034693","0.0173"
"538","Antwerp","Belgium","1052622","1047613","0.0048"
"539","Kirkuk","Iraq","1051780","1031082","0.0201"
"540","Dezhou","China","1050796","1019111","0.0311"
"541","Toulouse","France","1049246","1037115","0.0117"
"542","Chenzhou","China","1046252","1004240","0.0418"
"543","Aden","Yemen","1044911","1011890","0.0326"
"544","Aracaju","Brazil","1042445","1026529","0.0155"
"545","Huzhou","China","1042111","1015538","0.0262"
"546","Ikorodu","Nigeria","1041166","989117","0.0526"
"547","Teresina","Brazil","1040971","1031220","0.0095"
"548","Sekondi Takoradi","Ghana","1034917","990661","0.0447"
"549","Asmara","Eritrea","1034872","998321","0.0366"
"550","Yueyang","China","1034517","1021350","0.0129"
"551","Xuchang","China","1033680","1001570","0.0321"
"552","Marrakech","Morocco","1033050","1017379","0.0154"
"553","Tampico","Mexico","1031867","1016514","0.0151"
"554","Denpasar","Indonesia","1030815","1008709","0.0219"
"555","Yichun Jiangxi","China","1029428","975387","0.0554"
"556","San Jose","United States","1026700","1019970","0.00660"
"557","Tshikapa","DR Congo","1023575","970831","0.0543"
"558","Changshu","China","1022366","981654","0.0415"
"559","Saltillo","Mexico","1017570","1000750","0.0168"
"560","Padang","Indonesia","1015105","997358","0.0178"
"561","Rotterdam","Netherlands","1014675","1012007","0.0026"
"562","San Miguel de Tucuman","Argentina","1013645","999907","0.0137"
"563","Nyala","Sudan","1012312","967430","0.0464"
"564","Cebu City","Philippines","1008662","993744","0.0150"
"565","Qujing","China","1008582","976171","0.0332"
"566","Odesa","Ukraine","1007989","1008508","-0.0005"
"567","Warangal","India","1006935","983128","0.0242"
"568","Acapulco de Juarez","Mexico","1005421","992205","0.0133"
"569","Ilorin","Nigeria","1000477","973671","0.0275"
"570","Valparaiso","Chile","1000467","992183","0.0083"
"571","Kayseri","Turkey","1000348","986987","0.0135"
"572","Cancun","Mexico","998146","971798","0.0271"
"573","Volgograd","Russia","997537","1000755","-0.0032"
"574","Austin","United States","996147","979001","0.01751"
"575","Xintai","China","996054","966759","0.0303"
"576","Blantyre-Limbe","Malawi","994911","962145","0.0341"
"577","Songkhla","Thailand","992237","979453","0.0131"
"578","Bordeaux","France","990650","980130","0.0107"
"579","Krasnodar","Russia","989104","974377","0.0151"
"580","Nonthaburi","Thailand","988230","975497","0.0131"
"581","Guiping","China","980589","937152","0.0464"
"582","Jixi Heilongjiang","China","977845","963278","0.0151"
"583","Pingxiang Jiangxi","China","976771","953042","0.0249"
"584","Jacksonville","United States","975177","962394","0.01328"
"585","Morelia","Mexico","975171","961834","0.0139"
"586","Dehradun","India","967454","943136","0.0258"
"587","Hamah","Syria","964154","939904","0.0258"
"588","Dushanbe","Tajikistan","962139","938444","0.0252"
"589","Laiwu","China","961197","934916","0.0281"
"590","Agadir","Morocco","960438","941839","0.0197"
"591","Jiujiang","China","960233","936927","0.0249"
"592","Zhucheng","China","960058","926596","0.0361"
"593","Mudanjiang","China","958338","941660","0.0177"
"594","Chengde","China","958210","920395","0.0411"
"595","Jerusalem","Israel","956849","944188","0.0134"
"596","San Pedro Sula","Honduras","955649","929191","0.0285"
"597","Fort Worth","United States","954457","936686","0.01897"
"598","Misratah","Libya","953472","918946","0.0376"
"599","Cucuta","Colombia","953378","943489","0.0105"
"600","Khulna","Bangladesh","949659","949229","0.0005"
"601","Ciudad Guayana","Venezuela","949518","933968","0.0166"
"602","Arequipa","Peru","946844","934845","0.0128"
"603","Dnipro","Ukraine","946574","951821","-0.0055"
"604","Nice","France","945312","943342","0.0021"
"605","Owerri","Nigeria","945046","908109","0.0407"
"606","Zamboanga City","Philippines","944864","930610","0.0153"
"607","Southampton","United Kingdom","943745","935868","0.0084"
"608","Guigang","China","943042","917484","0.0279"
"609","Warri","Nigeria","942683","898927","0.0487"
"610","Veracruz","Mexico","942635","930387","0.0132"
"611","Jos","Nigeria","942167","917289","0.0271"
"612","Rajshahi","Bangladesh","942126","924033","0.0196"
"613","Seongnam","South Korea","941569","942342","-0.0008"
"614","Leiyang","China","939173","896394","0.0477"
"615","Pathum Thani","Thailand","937977","925893","0.0131"
"616","Yangjiang","China","934600","912468","0.0243"
"617","Reynosa","Mexico","934515","917021","0.0191"
"618","Bangui","Central African Republic","933176","910270","0.0252"
"619","Najaf","Iraq","929669","901405","0.0314"
"620","Bengbu","China","929529","915242","0.0156"
"621","Columbus","United States","929492","917620","0.01294"
"622","Zhangzhou","China","929015","900904","0.0312"
"623","Villahermosa","Mexico","928663","913606","0.0165"
"624","Sylhet","Bangladesh","927856","890180","0.0423"
"625","Nampula","Mozambique","927472","887055","0.0456"
"626","Tianmen","China","927240","899094","0.0313"
"627","Antipolo","Philippines","924888","902993","0.0242"
"628","Hengshui","China","924817","891603","0.0373"
"629","Xinyu","China","922665","890884","0.0357"
"630","Linfen","China","922495","891049","0.0353"
"631","Oran","Algeria","922302","910030","0.0135"
"632","West Rand","South Africa","921524","909301","0.0134"
"633","Campo Grande","Brazil","916786","907028","0.0108"
"634","Lubango","Angola","914456","870935","0.0500"
"635","Deyang","China","913268","885818","0.0310"
"636","Ulsan","South Korea","911564","910778","0.0009"
"637","Liverpool","United Kingdom","911546","906443","0.0056"
"638","Londrina","Brazil","911014","898681","0.0137"
"639","Taiz","Yemen","907739","875941","0.0363"
"640","Bergamo","Italy","907202","900094","0.0079"
"641","Malang","Indonesia","906940","896009","0.0122"
"642","Jiangyin","China","905154","874924","0.0346"
"643","La Plata","Argentina","904170","894159","0.0112"
"644","Dandong","China","903644","890031","0.0153"
"645","Charlotte","United States","903211","888895","0.01611"
"646","Concepcion","Chile","902142","891744","0.0117"
"647","Indianapolis","United States","901082","894362","0.00751"
"648","Hermosillo","Mexico","899681","883916","0.0178"
"649","Liling","China","898864","857167","0.0486"
"650","Guntur","India","896750","875474","0.0243"
"651","Baishan","China","894834","859381","0.0413"
"652","Bahawalpur","Pakistan","894561","869548","0.0288"
"653","Donetsk","Ukraine","893392","899325","-0.0066"
"654","Trujillo","Peru","890973","877875","0.0149"
"655","Changzhi","China","889876","868308","0.0248"
"656","Bhiwandi","India","889708","874032","0.0179"
"657","San Francisco","United States","887711","880838","0.00780"
"658","Tyumen","Russia","887092","866741","0.0235"
"659","Liaoyang","China","885256","870185","0.0173"
"660","Ashgabat","Turkmenistan","883389","864695","0.0216"
"661","Tuxtla Gutierrez","Mexico","881638","865000","0.0192"
"662","Soshanguve","South Africa","878960","866005","0.0150"
"663","Erbil","Iraq","877888","861158","0.0194"
"664","Puducherry","India","877010","856354","0.0241"
"665","Changde","China","876395","853497","0.0268"
"666","Shangqiu","China","873125","850165","0.0270"
"667","Culiacan","Mexico","872643","856072","0.0194"
"668","Firozabad","India","870224","845746","0.0289"
"669","Xingtai","China","868161","849674","0.0218"
"670","Bogra","Bangladesh","864183","820297","0.0535"
"671","Tainan","Taiwan","863377","856736","0.0078"
"672","Fuxin","China","863008","850647","0.0145"
"673","Cabinda","Angola","861878","819452","0.0518"
"674","Huangshi","China","860580","844307","0.0193"
"675","Umuahia","Nigeria","860555","816983","0.0533"
"676","Hufuf-Mubarraz","Saudi Arabia","860353","848479","0.0140"
"677","Libreville","Gabon","856854","845100","0.0139"
"678","Palermo","Italy","849675","850179","-0.0006"
"679","Yibin","China","848003","831013","0.0204"
"680","Banghazi","Libya","847790","836031","0.0141"
"681","Luzhou","China","845243","833637","0.0139"
"682","Ipoh","Malaysia","842281","827719","0.0176"
"683","Kuerle","China","840372","801993","0.0479"
"684","Xinghua","China","839474","815780","0.0290"
"685","Saratov","Russia","839439","840883","-0.0017"
"686","Quebec City","Canada","837814","831776","0.0073"
"687","Cherthala","India","836876","801264","0.0444"
"688","Valencia","Spain","836857","835341","0.0018"
"689","Quzhou","China","836448","798191","0.0479"
"690","Xinyang","China","836336","816967","0.0237"
"691","Yongzhou","China","835771","809415","0.0326"
"692","Winnipeg","Canada","832944","824771","0.0099"
"693","Yangquan","China","832913","813696","0.0236"
"694","Xiaogan","China","828411","806258","0.0275"
"695","Bucheon","South Korea","827868","829592","-0.0021"
"696","Orumiyeh","Iran","822533","808149","0.0178"
"697","Maiduguri","Nigeria","822337","802988","0.0241"
"698","Enugu","Nigeria","819791","795271","0.0308"
"699","Eskisehir","Turkey","818551","801612","0.0211"
"700","Newcastle upon Tyne","United Kingdom","818452","813807","0.0057"
"701","Zhuji","China","816151","796974","0.0241"
"702","Heze","China","815308","804759","0.0131"
"703","Huaihua","China","815194","784323","0.0394"
"704","Barcelona-Puerto La Cruz","Venezuela","815141","804488","0.0132"
"705","Tianshui","China","814639","790461","0.0306"
"706","Thessaloniki","Greece","813793","812964","0.0010"
"707","Bologna","Italy","811707","808931","0.0034"
"708","Haicheng","China","808044","795424","0.0159"
"709","Huludao","China","805739","790403","0.0194"
"710","Sorocaba","Brazil","804692","795569","0.0115"
"711","Bozhou","China","802749","773217","0.0382"
"712","Bikaner","India","802188","786652","0.0197"
"713","Nottingham","United Kingdom","800394","794008","0.0080"
"714","Niigata","Japan","799832","801982","-0.0027"
"715","Xalapa","Mexico","799178","787349","0.0150"
"716","Kunshan","China","798818","769021","0.0387"
"717","Liaocheng","China","796139","778562","0.0226"
"718","Nellore","India","794715","772941","0.0282"
"719","Gebze","Turkey","792744","769633","0.0300"
"720","Nakhon Ratchasima","Thailand","792437","783180","0.0118"
"721","Jincheng","China","791806","763554","0.0370"
"722","Frankfurt","Germany","791232","784780","0.0082"
"723","Taixing","China","791025","769620","0.0278"
"724","Lokoja","Nigeria","790742","741482","0.0664"
"725","Cagayan de Oro City","Philippines","786304","769620","0.0217"
"726","Langfang","China","786186","763320","0.0300"
"727","Vereeniging","South Africa","786127","779530","0.0085"
"728","Jiaozuo","China","785635","775685","0.0128"
"729","Dasmarinas","Philippines","784218","765742","0.0241"
"730","Kottayam","India","780349","739212","0.0556"
"731","Ar-Rayyan","Qatar","779386","759174","0.0266"
"732","Sulaimaniya","Iraq","779320","758795","0.0270"
"733","Amravati","India","778087","764645","0.0176"
"734","Zhumadian","China","777056","747329","0.0398"
"735","Benguela","Angola","776832","745372","0.0422"
"736","Gorakhpur","India","776617","766646","0.0130"
"737","Hamilton","Canada","775751","770976","0.0062"
"738","Shaoguan","China","775245","767557","0.0100"
"739","Meishan","China","773630","748981","0.0329"
"740","Gaomi","China","772476","745055","0.0368"
"741","Hanchuan","China","770665","743610","0.0364"
"742","Krakow","Poland","769595","769307","0.0004"
"743","Bunia","DR Congo","767645","723276","0.0613"
"744","Danyang","China","767329","743482","0.0321"
"745","Muzaffarnagar","India","767107","742227","0.0335"
"746","Zanzibar","Tanzania","766392","734832","0.0429"
"747","Ansan","South Korea","764669","762698","0.0026"
"748","Bur Sa'id","Egypt","764116","750373","0.0183"
"749","Cuttack","India","762998","751859","0.0148"
"750","Seattle","United States","762687","749851","0.01712"
"751","Anqing","China","762382","744768","0.0237"
"752","Anqiu","China","758275","721402","0.0511"
"753","Banjarmasin","Indonesia","757329","744334","0.0175"
"754","Kayamkulam","India","757238","726675","0.0421"
"755","Zigong","China","757011","746711","0.0138"
"756","Gaza","Palestine","756083","734547","0.0293"
"757","Qingyuan","China","755409","744726","0.0143"
"758","Linhai","China","754831","732334","0.0307"
"759","Erduosi-Ordoss","China","752919","730229","0.0311"
"760","Belgaum","India","752185","738074","0.0191"
"761","Oshogbo","Nigeria","749750","730529","0.0263"
"762","Zaria","Nigeria","749297","736098","0.0179"
"763","Malegaon","India","747821","731493","0.0223"
"764","Shaoyang","China","745467","729522","0.0219"
"765","Malanje","Angola","743760","704271","0.0561"
"766","Zarqa","Jordan","743280","737085","0.0084"
"767","Sao Jose dos Campos","Brazil","740631","731481","0.0125"
"768","Sheffield","United Kingdom","740532","735292","0.0071"
"769","Kumamoto","Japan","740067","741455","-0.0019"
"770","Yan'an","China","739777","710029","0.0419"
"771","Maturin","Venezuela","739052","717788","0.0296"
"772","Tongliao","China","738713","720662","0.0250"
"773","Denver","United States","738594","727058","0.01587"
"774","Jiamusi","China","737932","726622","0.0156"
"775","Yanji","China","737464","716660","0.0290"
"776","Sialkot","Pakistan","736488","720439","0.0223"
"777","Zaragoza","Spain","736488","733825","0.0036"
"778","Mangalore","India","736027","724159","0.0164"
"779","Kitwe","Zambia","735499","709854","0.0361"
"780","Tongling","China","734805","715946","0.0263"
"781","Wuzhou","China","733917","715472","0.0258"
"782","Suining Sichuan","China","733643","716754","0.0236"
"783","Ribeirao Preto","Brazil","733400","724044","0.0129"
"784","Xianyang Shaanxi","China","733142","723612","0.0132"
"785","Dengzhou","China","732643","703922","0.0408"
"786","Ibb","Yemen","731511","690456","0.0595"
"787","Rasht","Iran","731253","722026","0.0128"
"788","Yuncheng","China","729924","703194","0.0380"
"789","Tirupati","India","729109","704615","0.0348"
"790","Zaporizhzhya","Ukraine","728012","731984","-0.0054"
"791","Merca","Somalia","727772","696510","0.0449"
"792","Dazhou","China","727425","705321","0.0313"
"793","Panzhihua","China","727372","716878","0.0146"
"794","Sargodha","Pakistan","726839","712961","0.0195"
"795","Buffalo City","South Africa","726091","717067","0.0126"
"796","Oaxaca de Juarez","Mexico","725528","714983","0.0147"
"797","Cheongju","South Korea","723912","720584","0.0046"
"798","Bhavnagar","India","723845","711625","0.0172"
"799","Okayama","Japan","723296","724157","-0.0012"
"800","Yuxi","China","723114","693811","0.0422"
"801","Bacoor","Philippines","722114","704334","0.0252"
"802","Nanded Waghala","India","721918","705667","0.0230"
"803","Gold Coast","Australia","721687","710650","0.0155"
"804","Lviv","Ukraine","721383","722476","-0.0015"
"805","Dongtai","China","718737","698218","0.0294"
"806","Yulin Shaanxi","China","718085","706571","0.0163"
"807","Akure","Nigeria","716815","690533","0.0381"
"808","Jammu","India","716740","708612","0.0115"
"809","Longyan","China","715532","703524","0.0171"
"810","Yuyao","China","712351","695704","0.0239"
"811","Al-Hudaydah","Yemen","711534","689640","0.0317"
"812","Bali","Indonesia","710136","695940","0.0204"
"813","Florence","Italy","709915","709064","0.0012"
"814","Zhangjiagang","China","709608","683500","0.0382"
"815","The Hague","Netherlands","709388","703588","0.0082"
"816","Cotonou","Benin","708999","698868","0.0145"
"817","Salta","Argentina","708049","696715","0.0163"
"818","Washington","United States","707109","698327","0.01258"
"819","Nashville","United States","707091","698269","0.01263"
"820","Goma","DR Congo","706978","670218","0.0548"
"821","Huambo","Angola","706476","687795","0.0272"
"822","Vientiane","Laos","706455","693594","0.0185"
"823","Kurnool","India","706202","685818","0.0297"
"824","Amara","Iraq","704736","680156","0.0361"
"825","Taicang","China","703656","679623","0.0354"
"826","Uberlandia","Brazil","703607","695461","0.0117"
"827","Gulbarga","India","703161","687882","0.0222"
"828","Taif","Saudi Arabia","701675","694894","0.0098"
"829","Seville","Spain","701339","702386","-0.0015"
"830","Oklahoma City","United States","701266","691160","0.01462"
"831","Tamale","Ghana","701171","671812","0.0437"
"832","Bristol","United Kingdom","700630","693552","0.0102"
"833","Buraydah","Saudi Arabia","699756","684626","0.0221"
"834","Celaya","Mexico","698793","689735","0.0131"
"835","Durgapur","India","698637","686568","0.0176"
"836","Jundiai","Brazil","697282","688192","0.0132"
"837","Cheonan","South Korea","696284","688543","0.0112"
"838","Ankang","China","695386","666656","0.0431"
"839","Tolyatti","Russia","694127","696889","-0.0040"
"840","Pontianak","Indonesia","693820","680655","0.0193"
"841","Nantes","France","692582","685377","0.0105"
"842","Zhoukou","China","692000","671419","0.0307"
"843","Padova","Italy","691407","687698","0.0054"
"844","Manama","Bahrain","688558","663893","0.0372"
"845","Boston","United States","687257","681452","0.00852"
"846","Loudi","China","687241","663765","0.0354"
"847","Renqiu","China","687190","664262","0.0345"
"848","Bijie","China","686446","662697","0.0358"
"849","Lattakia","Syria","686064","668809","0.0258"
"850","Ezhou","China","685640","676600","0.0134"
"851","El Paso","United States","684753","681784","0.00435"
"852","Sokoto","Nigeria","684621","662173","0.0339"
"853","Zagreb","Croatia","684254","684524","-0.0004"
"854","Nay Pyi Taw","Myanmar","683265","639759","0.0680"
"855","Liege","Belgium","682272","679895","0.0035"
"856","Hezhou","China","681538","654185","0.0418"
"857","Tongxiang","China","681420","656136","0.0385"
"858","Santiago","Dominican Republic","680377","672272","0.0121"
"859","Qinzhou","China","679161","661953","0.0260"
"860","Mar Del Plata","Argentina","678623","672116","0.0097"
"861","General Santos City","Philippines","678482","665418","0.0196"
"862","Samsun","Turkey","677895","660863","0.0258"
"863","Longhai","China","677890","655081","0.0348"
"864","Tabuk","Saudi Arabia","677042","667155","0.0148"
"865","Denizli","Turkey","675546","660643","0.0226"
"866","Genoa","Italy","675464","677222","-0.0026"
"867","Puyang","China","675300","654261","0.0322"
"868","Zhoushan","China","672378","659777","0.0191"
"869","Miluo","China","671881","639015","0.0514"
"870","Macao","Macau","671858","661838","0.0151"
"871","Portland","United States","666249","659376","0.01042"
"872","Lodz","Poland","666032","671395","-0.0080"
"873","Jhansi","India","665825","653879","0.0183"
"874","Herat","Afghanistan","665477","635579","0.0470"
"875","Haimen","China","664488","645598","0.0293"
"876","Jeonju","South Korea","664293","663607","0.0010"
"877","Sanya","China","663532","644727","0.0292"
"878","Neijiang","China","662665","653866","0.0135"
"879","Erode","India","661521","647988","0.0209"
"880","As-Suways","Egypt","660883","649368","0.0177"
"881","Busto Arsizio","Italy","660841","657698","0.0048"
"882","Wuhai","China","659418","644895","0.0225"
"883","Jamnagar","India","658652","650977","0.0118"
"884","Pachuca de Soto","Mexico","658437","646101","0.0191"
"885","Uvira","DR Congo","656701","622862","0.0543"
"886","Jubayl","Saudi Arabia","654568","631060","0.0373"
"887","Durango","Mexico","654310","642750","0.0180"
"888","Chiclayo","Peru","653592","645366","0.0127"
"889","Las Vegas","United States","653533","647718","0.00898"
"890","Nasiriyah","Iraq","652629","634492","0.0286"
"891","Hegang","China","651987","644894","0.0110"
"892","Izhevsk","Russia","651870","651601","0.0004"
"893","Bokaro Steel City","India","651817","642145","0.0151"
"894","Doha","Qatar","651799","646177","0.0087"
"895","Be'er Sheva","Israel","651416","644278","0.0111"
"896","Enshi","China","649846","619178","0.0495"
"897","Chongjin","North Korea","648931","645488","0.0053"
"898","Jambi","Indonesia","648413","637037","0.0179"
"899","Bandar Abbas","Iran","646124","627174","0.0302"
"900","Sihui","China","645156","618859","0.0425"
"901","Bauchi","Nigeria","645005","620800","0.0390"
"902","Irkutsk","Russia","643796","641504","0.0036"
"903","Bulawayo","Zimbabwe","643427","639722","0.0058"
"904","Safaqis","Tunisia","643334","636613","0.0106"
"905","Bissau","Guinea-Bissau","642564","620974","0.0348"
"906","Wroclaw","Poland","642497","642085","0.0006"
"907","Raurkela","India","641013","631310","0.0154"
"908","Barnaul","Russia","640958","640396","0.0009"
"909","Venezia","Italy","639352","638264","0.0017"
"910","Khabarovsk","Russia","638918","636254","0.0042"
"911","Belfast","United Kingdom","638717","634594","0.0065"
"912","Duesseldorf","Germany","637658","635046","0.0041"
"913","Anshun","China","637467","619116","0.0296"
"914","Bacolod","Philippines","636549","624783","0.0188"
"915","Verona","Italy","636288","633128","0.0050"
"916","Kolhapur","India","635405","626791","0.0137"
"917","Stuttgart","Germany","634740","633808","0.0015"
"918","Jinzhong","China","634364","617236","0.0277"
"919","Al-Ain","United Arab Emirates","634112","622675","0.0184"
"920","Patiala","India","633896","616590","0.0281"
"921","Bilaspur","India","632971","616394","0.0269"
"922","Abakaliki","Nigeria","631844","601712","0.0501"
"923","Sanhe","China","631313","604549","0.0443"
"924","Yulin Guangxi","China","631214","622115","0.0146"
"925","Kuching","Malaysia","631102","621114","0.0161"
"926","Hanzhong","China","630966","618109","0.0208"
"927","Louisville","United States","630782","628594","0.00348"
"928","Calabar","Nigeria","630628","604546","0.0431"
"929","Ajmer","India","630495","621505","0.0145"
"930","Memphis","United States","630348","631726","-0.00218"
"931","Comilla","Bangladesh","629972","609345","0.0339"
"932","Ujjain","India","629276","617812","0.0186"
"933","Seregno","Italy","629025","624706","0.0069"
"934","Hillah","Iraq","627517","615167","0.0201"
"935","Geneva","Switzerland","626618","620131","0.0105"
"936","Colombo","Sri Lanka","625637","619001","0.0107"
"937","Xinmi","China","624970","600980","0.0399"
"938","Riga","Latvia","624925","627763","-0.0045"
"939","Gothenburg","Sweden","624780","617781","0.0113"
"940","San Jose del Monte","Philippines","624757","615815","0.0145"
"941","Detroit","United States","624177","631644","-0.01182"
"942","Ulyanovsk","Russia","623483","624103","-0.0010"
"943","Zahedan","Iran","623260","616511","0.0109"
"944","Bari","Italy","622994","622590","0.0006"
"945","Mbeya","Tanzania","620340","592579","0.0468"
"946","Jingjiang","China","619964","599221","0.0346"
"947","Mathura","India","618409","603301","0.0250"
"948","Cenxi","China","618141","592553","0.0432"
"949","Brighton","United Kingdom","617353","612159","0.0085"
"950","Feira De Santana","Brazil","617341","609939","0.0121"
"951","Tlaxcala","Mexico","616737","606590","0.0167"
"952","Siping","China","615328","604724","0.0175"
"953","Agartala","India","614898","595210","0.0331"
"954","Yaroslavl","Russia","612662","612502","0.0003"
"955","Shishi","China","611746","598547","0.0221"
"956","Imphal","India","611205","593524","0.0298"
"957","Fuqing","China","610752","597698","0.0218"
"958","Vladivostok","Russia","609574","609632","-0.0001"
"959","Kryvyi Rih","Ukraine","608884","613696","-0.0078"
"960","Daye","China","607359","592972","0.0243"
"961","Skopje","North Macedonia","605996","600708","0.0088"
"962","Likasi","DR Congo","605313","585678","0.0335"
"963","Tomsk","Russia","604200","600254","0.0066"
"964","Shuozhou","China","604181","584272","0.0341"
"965","Cuito","Angola","603814","569533","0.0602"
"966","Samarkand","Uzbekistan","603131","591252","0.0201"
"967","Sanliurfa","Turkey","603105","596713","0.0107"
"968","Ogbomosho","Nigeria","602329","576557","0.0447"
"969","Beira","Mozambique","602060","584989","0.0292"
"970","Sangli","India","601522","592117","0.0159"
"971","Makhachkala","Russia","601215","600541","0.0011"
"972","Xiantao","China","600733","594155","0.0111"
"973","Leipzig","Germany","600609","596230","0.0073"
"974","Dengfeng","China","599655","571083","0.0500"
"975","Cabimas","Venezuela","598037","588348","0.0165"
"976","Qitaihe","China","597882","588212","0.0164"
"977","Sanmenxia","China","596561","579273","0.0298"
"978","Tonghua","China","595627","584209","0.0195"
"979","Ibague","Colombia","595312","590686","0.0078"
"980","Thoothukkudi","India","594792","577945","0.0291"
"981","Cuiaba","Brazil","594751","591522","0.0055"
"982","Xinyi","China","594719","577474","0.0299"
"983","Mazar-e Sharif","Afghanistan","594551","563825","0.0545"
"984","Kingston","Jamaica","594531","592477","0.0035"
"985","Samut Sakhon","Thailand","593612","585964","0.0131"
"986","Zhaodong","China","593421","572358","0.0368"
"987","Yiyang Hunan","China","592894","576041","0.0293"
"988","Malaga","Spain","592091","591091","0.0017"
"989","Yichun Heilongjiang","China","591834","593871","-0.0034"
"990","Udaipur","India","591710","580191","0.0199"
"991","Hamadan","Iran","591511","584645","0.0117"
"992","Djibouti","Djibouti","591469","583695","0.0133"
"993","Dongyang","China","591371","578734","0.0218"
"994","Bouake","Ivory Coast","591199","580586","0.0183"
"995","Dortmund","Germany","589865","589748","0.0002"
"996","Zaoyang","China","589591","576057","0.0235"
"997","Vellore","India","589549","578956","0.0183"
"998","Jalgaon","India","588888","576506","0.0215"
"999","Ardabil","Iran","588081","578222","0.0171"
"1000","Bloemfontein","South Africa","588013","577560","0.0181"
"1001","Hebi","China","587125","576427","0.0186"
"1002","Gaya","India","586662","575652","0.0191"
"1003","Catania","Italy","586406","586049","0.0006"
"1004","Juiz De Fora","Brazil","586167","580874","0.0091"
"1005","Kagoshima","Japan","585913","588413","-0.0042"
"1006","Dresden","Germany","585446","580877","0.0079"
"1007","Yazd","Iran","584392","575105","0.0161"
"1008","Jiaozhou","China","584363","568186","0.0285"
"1009","Gaozhou","China","583833","561197","0.0403"
"1010","Toulon","France","583719","581264","0.0042"
"1011","Udon Thani","Thailand","583316","576666","0.0115"
"1012","Tirunelveli","India","583149","574000","0.0159"
"1013","Uige","Angola","582775","546706","0.0660"
"1014","Oujda","Morocco","582096","570257","0.0208"
"1015","Pereira","Colombia","581534","580225","0.0023"
"1016","Essen","Germany","581112","581579","-0.0008"
"1017","Matamoros","Mexico","578890","570752","0.0143"
"1018","Baltimore","United States","578658","582183","-0.00605"
"1019","Kitchener","Canada","578536","570681","0.0138"
"1020","Imus","Philippines","578106","553579","0.0443"
"1021","Cangzhou","China","577252","568818","0.0148"
"1022","Poza Rica de Hidalgo","Mexico","576991","570576","0.0112"
"1023","Santa Fe","Argentina","576917","569991","0.0122"
"1024","Karbala","Iraq","576542","565196","0.0201"
"1025","Weinan","China","576220","564709","0.0204"
"1026","Kota Kinabalu","Malaysia","575880","562824","0.0232"
"1027","Al-Mansurah","Egypt","574775","565015","0.0173"
"1028","Guangyuan","China","574437","557144","0.0310"
"1029","Milwaukee","United States","573700","575461","-0.00306"
"1030","Bamenda","Cameroon","573285","553084","0.0365"
"1031","Panipat","India","572020","559798","0.0218"
"1032","Kahramanmaras","Turkey","571714","559574","0.0217"
"1033","Ndola","Zambia","570567","555560","0.0270"
"1034","Feicheng","China","570537","560756","0.0174"
"1035","Tepic","Mexico","569745","558052","0.0210"
"1036","Orenburg","Russia","569254","569029","0.0004"
"1037","Meknes","Morocco","568438","560746","0.0137"
"1038","Albuquerque","United States","568301","566430","0.00330"
"1039","Kemerovo","Russia","568150","567035","0.0020"
"1040","Arak","Iran","567380","559300","0.0144"
"1041","Bremen","Germany","567146","566331","0.0014"
"1042","Gomel","Belarus","566678","562405","0.0076"
"1043","Tongchuan","China","566600","556484","0.0182"
"1044","Sakarya","Turkey","566544","553438","0.0237"
"1045","Basel","Switzerland","566503","562710","0.0067"
"1046","Al-Mukalla","Yemen","565894","536256","0.0553"
"1047","Mekele","Ethiopia","564756","543622","0.0389"
"1048","Chiang Rai","Thailand","564553","557280","0.0131"
"1049","Larkana","Pakistan","563752","548916","0.0270"
"1050","Khamis Mushayt","Saudi Arabia","563511","555589","0.0143"
"1051","Basilan City","Philippines","563479","548445","0.0274"
"1052","Hosur","India","562351","528951","0.0631"
"1053","Anyang","South Korea","562213","564685","-0.0044"
"1054","Villavicencio","Colombia","562190","553451","0.0158"
"1055","Rupganj","Bangladesh","561639","522366","0.0752"
"1056","Leicester","United Kingdom","561635","556930","0.0084"
"1057","Shouguang","China","561455","552602","0.0160"
"1058","Irbid","Jordan","561123","559386","0.0031"
"1059","Valledupar","Colombia","560903","547790","0.0239"
"1060","Rajahmundry","India","560756","551828","0.0162"
"1061","Yongkang","China","559477","543073","0.0302"
"1062","Utrecht","Netherlands","558802","551879","0.0125"
"1063","Sukkur","Pakistan","556856","545349","0.0211"
"1064","Haining","China","556754","542380","0.0265"
"1065","Abeokuta","Nigeria","556554","543723","0.0236"
"1066","Yanshi","China","555395","532183","0.0436"
"1067","Chaoyang","China","555106","546816","0.0152"
"1068","Rustenburg","South Africa","554517","532711","0.0409"
"1069","Taishan","China","554052","539674","0.0266"
"1070","Calamba","Philippines","553519","539157","0.0266"
"1071","Ambon","Indonesia","552982","533623","0.0363"
"1072","Diwaniyah","Iraq","552582","532961","0.0368"
"1073","Rayong","Thailand","552425","545307","0.0131"
"1074","Fresno","United States","551595","546851","0.00868"
"1075","Chuzhou","China","551067","536745","0.0267"
"1076","Gombe","Nigeria","550824","529283","0.0407"
"1077","Qingzhou","China","550740","535777","0.0279"
"1078","Changning","China","550228","530738","0.0367"
"1079","Longkou","China","550034","535497","0.0271"
"1080","El Djelfa","Algeria","549565","527033","0.0428"
"1081","Angeles City","Philippines","549389","529991","0.0366"
"1082","Loum","Cameroon","549317","523577","0.0492"
"1083","Novokuznetsk","Russia","548390","549364","-0.0018"
"1084","Edinburgh","United Kingdom","548206","542599","0.0103"
"1085","Pingdu","China","547622","536334","0.0210"
"1086","Dali","China","547496","531353","0.0304"
"1087","Tucson","United States","547131","544880","0.00413"
"1088","Kerman","Iran","546834","543855","0.0055"
"1089","Kikwit","DR Congo","546313","526217","0.0382"
"1090","Bellary","India","546285","533505","0.0240"
"1091","San Juan","Argentina","546001","541366","0.0086"
"1092","Mbouda","Cameroon","545812","516015","0.0577"
"1093","Al-Raqqa","Syria","545676","531952","0.0258"
"1094","Berbera","Somalia","545378","521966","0.0449"
"1095","Gaoyou","China","545339","527063","0.0347"
"1096","Port of Spain","Trinidad and Tobago","544579","544305","0.0005"
"1097","Sheikhupura","Pakistan","544534","530798","0.0259"
"1098","Namangan","Uzbekistan","543956","536396","0.0141"
"1099","Hamhung","North Korea","543954","545847","-0.0035"
"1100","Gongyi","China","543773","527880","0.0301"
"1101","Puerto Vallarta","Mexico","543530","530078","0.0254"
"1102","Balashikha","Russia","543345","530037","0.0251"
"1103","Zinder","Niger","543171","515736","0.0532"
"1104","Van","Turkey","542795","527682","0.0286"
"1105","Heyuan","China","541758","532613","0.0172"
"1106","Vilnius","Lithuania","540775","539978","0.0015"
"1107","Laixi","China","540351","523107","0.0330"
"1108","Ryazan","Russia","540110","540183","-0.0001"
"1109","Santa Marta","Colombia","540028","533792","0.0117"
"1110","Shizuishan","China","539502","527050","0.0236"
"1111","Pietermaritzburg","South Africa","539069","532766","0.0118"
"1112","Chuxiong","China","538803","520282","0.0356"
"1113","Changge","China","538711","515109","0.0458"
"1114","Xingning","China","537850","513553","0.0473"
"1115","Hannover","Germany","537783","537418","0.0007"
"1116","Shangyu","China","537616","524344","0.0253"
"1117","Surakarta","Indonesia","537566","531897","0.0107"
"1118","Kabinda","DR Congo","536653","501054","0.0710"
"1119","Sacramento","United States","536635","530789","0.01101"
"1120","Naberezhnye Tchelny","Russia","535498","535124","0.0007"
"1121","Astrakhan","Russia","534646","534762","-0.0002"
"1122","Cuautla Morelos","Mexico","534186","525498","0.0165"
"1123","Grenoble","France","533773","530690","0.0058"
"1124","Nakhon Pathom","Thailand","532517","518433","0.0272"
"1125","Kakinada","India","531807","522676","0.0175"
"1126","Kalasin","Thailand","531365","524519","0.0131"
"1127","Porto Velho","Brazil","531220","521270","0.0191"
"1128","Al-Mahallah al-Kubra","Egypt","530913","523903","0.0134"
"1129","Davanagere","India","530472","520856","0.0185"
"1130","Qianjiang","China","529771","520601","0.0176"
"1131","Vale do Aco","Brazil","529577","525634","0.0075"
"1132","Muzaffarpur","India","528834","516403","0.0241"
"1133","Ziyang","China","527785","514110","0.0266"
"1134","Mataram","Indonesia","527656","516280","0.0220"
"1135","Ar-Rusayfah","Jordan","527512","525880","0.0031"
"1136","Kandahar","Afghanistan","526775","511949","0.0290"
"1137","Changyi","China","526774","505019","0.0431"
"1138","Songyuan","China","526745","519674","0.0136"
"1139","Poznan","Poland","525919","528457","-0.0048"
"1140","Kuantan","Malaysia","525872","514419","0.0223"
"1141","Eslamshahr","Iran","523318","511227","0.0237"
"1142","Duisburg","Germany","522418","519056","0.0065"
"1143","Guang-an","China","521871","503551","0.0364"
"1144","Penza","Russia","521504","522207","-0.0013"
"1145","Jinjiang","China","521427","509894","0.0226"
"1146","Utsunomiya","Japan","521011","521669","-0.0013"
"1147","Begusarai","India","520301","494581","0.0520"
"1148","Arusha","Tanzania","518898","504857","0.0278"
"1149","Kansas City","United States","517750","512920","0.00942"
"1150","Mesa","United States","517302","510780","0.01277"
"1151","Kirov","Russia","516717","514996","0.0033"
"1152","Barisal","Bangladesh","516299","499854","0.0329"
"1153","Ado-Ekiti","Nigeria","516227","497483","0.0377"
"1154","Khon-Kaen","Thailand","515924","509278","0.0130"
"1155","Purnia","India","515479","496830","0.0375"
"1156","Tanta","Egypt","515179","508012","0.0141"
"1157","London CA","Canada","514785","511368","0.0067"
"1158","Atlanta","United States","514457","506586","0.01554"
"1159","Jianyang","China","514370","500925","0.0268"
"1160","Bournemouth","United Kingdom","514313","510021","0.0084"
"1161","Kismaayo","Somalia","512590","491425","0.0431"
"1162","Shuangyashan","China","512261","507257","0.0099"
"1163","Nurenberg","Germany","511839","511889","-0.0001"
"1164","Malatya","Turkey","511763","503988","0.0154"
"1165","Cheboksary","Russia","511753","509038","0.0053"
"1166","Tirana","Albania","511559","502734","0.0176"
"1167","Kolwezi","DR Congo","510648","501375","0.0185"
"1168","Nanping","China","510451","500785","0.0193"
"1169","El Obeid","Sudan","510061","495283","0.0298"
"1170","Jingmen","China","509926","499403","0.0211"
"1171","Surat Thani","Thailand","509124","502564","0.0131"
"1172","Murcia","Spain","508575","504491","0.0081"
"1173","Ubon Ratchathani","Thailand","508169","501747","0.0128"
"1174","Matsuyama","Japan","506632","508241","-0.0032"
"1175","Yongcheng","China","506310","490255","0.0327"
"1176","Karaganda","Kazakhstan","506193","505157","0.0021"
"1177","Zhongxiang","China","505774","498483","0.0146"
"1178","Katsina","Nigeria","504873","486745","0.0372"
"1179","Lipetsk","Russia","504673","505846","-0.0023"
"1180","Port Sudan","Sudan","504533","493366","0.0226"
"1181","Macapa","Brazil","504509","495838","0.0175"
"1182","Chaohu","China","504099","494528","0.0194"
"1183","La Serena-Coquimbo","Chile","503013","493767","0.0187"
"1184","Zhuanghe","China","502143","484394","0.0366"
"1185","Latur","India","501664","490405","0.0230"
"1186","Douai-Lens","France","501583","500921","0.0013"
"1187","Omaha","United States","501469","493760","0.01561"
"1188","Xuancheng","China","500734","484126","0.0343"